"Name","BSNR","Admin Email","Allgemeinen Chat aktivieren","Test account","Using video call","Total Active users","Doctor use video call","Total patients","Total Requests","Total questionnares","Care provider Type","Status","Created date"
"Praxisgemeinschaft Weber","","demo@demo.de","true","false","true","1","1","1","0","4","Praxis","Unlimited","10.07.2025"
"DevTestAuto_1752137009061","","phong+1752137009061@silentium.io","true","false","true","0","0","0","0","4","Praxis","Unlimited","10.07.2025"
"Dr. med. Heribert Topp-Glücklich 0707","","vy.pham+0707@silentium.io","true","false","true","3","1","1","2","4","Praxis","Unlimited","07.07.2025"
"nhien+ehks1751613689656","","nhien+ehks1751613689656@silentium.io","true","true","true","0","0","0","0","4","MVZ","Unlimited","04.07.2025"
"BSNR and NBSNR Tam","","nbsnr@tam.de","true","false","true","0","0","0","0","4","Praxis","Unlimited","04.07.2025"
"nhien+04072025","","nhien+04072025@silentium.io","true","true","true","0","0","0","0","4","Praxis","Unlimited","04.07.2025"
"nhien+bfb1751511755400","","nhien+bfb1751511755400@silentium.io","true","true","true","0","0","0","0","4","MVZ","Unlimited","03.07.2025"
"phong+hzv_e1751355231685","","phong+hzv_e1751355231685@silentium.io","true","true","true","0","0","0","0","4","MVZ","Unlimited","01.07.2025"
"nhien+medication1751340078229","","nhien+medication1751340078229@silentium.io","true","true","true","0","0","0","0","4","MVZ","Unlimited","01.07.2025"
"vy.pham+521751339825915","","vy.pham+521751339825915@silentium.io","true","true","true","0","0","0","0","4","MVZ","Unlimited","01.07.2025"
"phong+521751337621280","","phong+521751337621280@silentium.io","true","true","true","0","0","0","0","4","MVZ","Unlimited","01.07.2025"
"nhien+medication1751265561861","","nhien+medication1751265561861@silentium.io","true","true","true","0","0","0","0","4","MVZ","Unlimited","30.06.2025"
"hiepstaging30june","","hiep.phan+hiepstaging30june@silentium.io","true","false","true","0","0","0","0","4","Praxis","Unlimited","30.06.2025"
"27060001","","an.vo+123@27060001silentium.io","true","false","true","0","0","0","0","4","Praxis","Unlimited","27.06.2025"
"Basic import","","basic@import.de","true","false","true","0","0","0","0","4","Praxis","Unlimited","27.06.2025"
"vy.pham+521750841591803","","vy.pham+521750841591803@silentium.io","true","true","true","0","0","0","0","4","MVZ","Unlimited","25.06.2025"
"phong+hzv_h1750650200214","","phong+hzv_h1750650200214@silentium.io","true","true","true","0","0","0","0","4","MVZ","Unlimited","23.06.2025"
"phong+hzv_fg1750649704812","","phong+hzv_fg1750649704812@silentium.io","true","true","true","0","0","0","0","4","MVZ","Unlimited","23.06.2025"
"phong+hzv_e1750648869246","","phong+hzv_e1750648869246@silentium.io","true","true","true","0","0","0","0","4","MVZ","Unlimited","23.06.2025"
"phong+hzv_b1750647869307","","phong+hzv_b1750647869307@silentium.io","true","false","true","0","0","0","0","4","MVZ","Unlimited","23.06.2025"
"phong+hzv_a1750646445580","","phong+hzv_a1750646445580@silentium.io","true","true","true","0","0","0","0","4","MVZ","Unlimited","23.06.2025"
"PTV Praxis Zertifizierung","","ptv@haevg.de","true","false","true","0","0","0","0","4","Praxis","Unlimited","22.06.2025"
"Trung Staging 200625","981234376","trung+staging200625@silentium.io","true","false","true","0","0","0","0","4","Praxis","Unlimited","20.06.2025"
"switch+test2006","","switch+test2006@silentium.io","true","true","true","0","0","0","0","4","Praxis","Unlimited","20.06.2025"
"Full import","","tam@full.de","true","false","true","0","0","0","0","4","Praxis","Unlimited","19.06.2025"
"hiep.phan+staging+19Jun+practiceA@silentium.io","","hiep.phan+staging+19jun+practicea@silentium.io","true","false","true","0","0","0","0","4","Praxis","Unlimited","19.06.2025"
"Dr. med. Heribert Topp-Glücklich1","","vy.pham+19061@silentium.io","true","false","true","2","1","2","5","5","Praxis","Unlimited","19.06.2025"
"phong+hzv_a1750305155076","","phong+hzv_a1750305155076@silentium.io","true","true","true","0","0","0","0","4","MVZ","Unlimited","19.06.2025"
"nhien+19062025","","nhien+19062025@silentium.io","true","true","true","0","0","0","0","4","Praxis","Unlimited","19.06.2025"
"trung.nguyen+190625@silentium.io","981234888","trung+dev@silentium.io","true","false","true","0","0","0","0","4","Praxis","Unlimited","19.06.2025"
"hiep.phan+staging+19Jun@silentium.io","","hiep.phan+staging+19jun@silentium.io","true","false","true","0","0","0","0","4","Praxis","Unlimited","19.06.2025"
"Tam PTV","","tam@ptv.de","true","false","true","0","0","0","0","4","Praxis","Unlimited","18.06.2025"
"phong+521750239868521","","phong+521750239868521@silentium.io","true","true","true","0","0","0","0","4","MVZ","Unlimited","18.06.2025"
"PTV18060001","","an.vo+123@1806001silentium.io","true","true","true","0","0","0","0","4","Praxis","Unlimited","18.06.2025"
"vy.pham+18061@silentium.io","","vy.pham+18061@silentium.io","true","false","true","0","0","0","0","4","Praxis","Unlimited","18.06.2025"
"Dr. med. Heribert Topp-Glücklich Vy","","vy.pham+1806@silentium.io","true","false","true","0","0","0","0","4","Praxis","Unlimited","18.06.2025"
"huy.nguyen+1706","","huy.nguyen+1706@silentium.io","true","true","true","0","0","0","0","4","Praxis","Unlimited","17.06.2025"
"PTVHE","","ptv@he.de","true","false","true","0","0","0","0","4","Praxis","Unlimited","16.06.2025"
"PTVTest","","ptv@test.de","true","false","true","0","0","0","0","4","Praxis","Unlimited","16.06.2025"
"dr.winker_1606","","danh.nguyen+1606@silentilum.io","true","false","true","0","0","0","0","4","Praxis","Unlimited","16.06.2025"
"DevTestAuto_1749800634809","","phong+1749800634809@silentium.io","true","false","true","0","0","0","0","4","Praxis","Unlimited","13.06.2025"
"phong+hzv_h1749700276946","","phong+hzv_h1749700276946@silentium.io","true","true","true","0","0","0","0","4","MVZ","Unlimited","12.06.2025"
"phong+hzv_fg1749699609802","","phong+hzv_fg1749699609802@silentium.io","true","true","true","0","0","0","0","4","MVZ","Unlimited","12.06.2025"
"DevTestAuto_1749699234386","","phong+1749699234386@silentium.io","true","false","true","0","0","0","0","4","Praxis","Unlimited","12.06.2025"
"DevTestAuto_1749698575163","","phong+1749698575163@silentium.io","true","false","true","0","0","0","0","4","Praxis","Unlimited","12.06.2025"
"phong+hzv_e1749698474232","","phong+hzv_e1749698474232@silentium.io","true","true","true","0","0","0","0","4","MVZ","Unlimited","12.06.2025"
"phong+hzv_b1749697198783","","phong+hzv_b1749697198783@silentium.io","true","true","true","0","0","0","0","4","MVZ","Unlimited","12.06.2025"
"phong+hzv_a1749696095122","","phong+hzv_a1749696095122@silentium.io","true","true","true","0","0","0","0","4","MVZ","Unlimited","12.06.2025"
"Gemeinschaftspraxis Dr. med. Topp-Glücklich/Müller","","am@testpraxis.de","true","false","true","0","0","0","0","4","Praxis","Unlimited","10.06.2025"
"Hzv_100620250001","","an.vo+123@silentium.io","true","true","true","0","0","0","0","4","Praxis","Unlimited","10.06.2025"
"huy.nguyen+1006","","huy.nguyen+1006@silentium.io","true","true","true","0","0","0","0","4","Praxis","Unlimited","10.06.2025"
"phong+hzv_h1749539765092","","phong+hzv_h1749539765092@silentium.io","true","true","true","0","0","0","0","4","MVZ","Unlimited","10.06.2025"
"phong+hzv_fg1749537465554","","phong+hzv_fg1749537465554@silentium.io","true","true","true","0","0","0","0","4","MVZ","Unlimited","10.06.2025"
"phong+hzv_e1749532470011","","phong+hzv_e1749532470011@silentium.io","true","true","true","0","0","0","0","4","MVZ","Unlimited","10.06.2025"
"phong+hzv_b1749531356041","","phong+hzv_b1749531356041@silentium.io","true","true","true","0","0","0","0","4","MVZ","Unlimited","10.06.2025"
"phong+hzv_a1749530273805","","phong+hzv_a1749530273805@silentium.io","true","true","true","0","0","0","0","4","MVZ","Unlimited","10.06.2025"
"nhien+bfb1749455996171","","nhien+bfb1749455996171@silentium.io","true","true","true","0","0","0","0","4","MVZ","Unlimited","09.06.2025"
"nhien+medication1749450135016","","nhien+medication1749450135016@silentium.io","true","true","true","0","0","0","0","4","MVZ","Unlimited","09.06.2025"
"phong+521749443970341","","phong+521749443970341@silentium.io","true","true","true","0","0","0","0","4","MVZ","Unlimited","09.06.2025"
"phong+521749443814668","","phong+521749443814668@silentium.io","true","true","true","0","0","0","0","4","MVZ","Unlimited","09.06.2025"
"Dr. med. Heribert Topp-Glücklich","","vy.pham+0306@silentium.io","true","false","true","2","1","2","32","5","Praxis","Unlimited","03.06.2025"
"MVZBoeblingen","","mvz@pro.de","true","false","true","0","0","0","0","4","Praxis","Unlimited","26.05.2025"
"Psychotherapeutische Praxis Julia Röhrle","","roehrle@garrio.de","true","false","true","0","0","0","0","4","Praxis","Unlimited","14.05.2025"
"Südstadtpraxis Dr. Schlindwein & Kollegen","","drschlindwein@garrio.de","true","false","true","0","0","0","0","4","Praxis","Unlimited","12.05.2025"
"huy.nguyen+1205","","huy.nguyen+1205@silentium.io","true","true","true","0","0","0","0","4","Praxis","Unlimited","12.05.2025"
"Kilian Parigger DEMO","","kilian.parigger@health-tech-innovators.de","true","false","true","1","0","0","1","4","Andere","Unlimited","09.05.2025"
"phong+521746766565265","","phong+521746766565265@silentium.io","true","true","true","0","0","0","0","4","MVZ","Unlimited","09.05.2025"
"phong+521746763045420","","phong+521746763045420@silentium.io","true","true","true","0","0","0","0","4","MVZ","Unlimited","09.05.2025"
"phong+521746703045999","","phong+521746703045999@silentium.io","true","true","true","0","0","0","0","4","MVZ","Unlimited","08.05.2025"
"phong+521746702721693","","phong+521746702721693@silentium.io","true","true","true","0","0","0","0","4","MVZ","Unlimited","08.05.2025"
"phong+521746701974893","","phong+521746701974893@silentium.io","true","true","true","0","0","0","0","4","MVZ","Unlimited","08.05.2025"
"Praxis Dr. med. Heribert Topp-Glücklich Dev Updated","","huy.pham+v1@silentium.io","true","true","true","1","0","0","0","4","Praxis","Unlimited","08.05.2025"
"DevTestAuto_1","","devtestauto+1@silentium.io","true","false","true","0","0","0","0","4","Praxis","Unlimited","06.05.2025"
"Praxis Dr. med. Heribert Topp-Glücklich Phong Updated","","phong+123@silentium.io","true","false","true","0","0","0","0","4","Praxis","Unlimited","05.05.2025"
"Praxis für Psychotherapie","","vt.therapeut@gmail.com","true","false","true","0","0","0","0","4","Praxis","Unlimited","23.04.2025"
"Glücklich","","vy.pham+care@silentium.io","true","false","true","0","0","0","0","4","Praxis","Unlimited","18.04.2025"
"Venus Care","","venuscare@gmail.com","true","false","true","2","0","0","0","4","Praxis","Unlimited","17.04.2025"
"vy.pham+testaccountstaging","","vy.pham+testaccountstaging@silentium.io","true","true","true","1","0","3","7","4","Praxis","Unlimited","15.04.2025"
"dev+v1@garrio.local","","dev+v1@garrio.local","true","false","true","0","0","0","0","4","Praxis","Unlimited","15.04.2025"
"nhien+medication1744702284761","","nhien+medication1744702284761@silentium.io","true","true","true","0","0","0","0","4","MVZ","Unlimited","15.04.2025"
"Praxis für Psychotherapie Demo","","praxis@pycho.de","true","false","true","0","0","0","0","4","Praxis","Unlimited","14.04.2025"
"CB Matrix Lost Messages Checker","","christian.bister+cb-matrix-lost-messages-checker@medi-verbund.de","false","false","true","1","0","2","10","4","Andere","Unlimited","09.04.2025"
"Praxis Staging","","admin.staging@gariro.dev","false","false","false","0","0","0","0","4","Praxis","Unlimited","08.04.2025"
"tin-5-5","","tin.pham+1@silentium.io","true","false","true","0","0","0","0","4","Praxis","Unlimited","04.04.2025"
"Ärztehaus Zetel","","hausarzt-focken@posteo.de","true","false","true","0","0","0","0","4","Praxis","Unlimited","03.04.2025"
"vy.pham+02041","","vy.pham+02041@silentium.io","true","false","true","2","1","4","1","4","Praxis","Unlimited","02.04.2025"
"vy.pham+0204","","vy.pham+0204@silentium.io","true","false","true","2","0","0","0","4","Praxis","Unlimited","02.04.2025"
"Tälespraxen Dr. med. Hansjörg Winker","","drwinker@garrio.de","true","false","true","0","0","0","0","4","Praxis","Unlimited","01.04.2025"
"Klein Kollegen","","kleinundkollegen@garrio.de","true","true","true","0","0","0","0","4","Facharztpraxis","Unlimited","31.03.2025"
"tin-1-4","","tin.pham@silentium.io","true","false","true","0","0","0","0","4","Praxis","Unlimited","31.03.2025"
"nhien+medication1743404556784","","nhien+medication1743404556784@silentium.io","true","true","true","0","0","0","0","4","MVZ","Unlimited","31.03.2025"
"nhien+31032025","","nhien+31032025@silentium.io","true","true","true","0","0","0","0","4","Praxis","Unlimited","31.03.2025"
"demo","","klein&kollegen@demo.de","true","false","true","0","0","0","0","4","Praxis","Unlimited","29.03.2025"
"PraxisPneumo","","pneumologie@service.de","true","false","true","0","0","0","0","4","Praxis","Unlimited","28.03.2025"
"Dew","","dew@demo.de","true","false","true","0","0","0","0","4","Praxis","Unlimited","28.03.2025"
"Demo Praxis Spifa 2","","garrio@garrio.de","true","false","true","0","0","0","0","4","Praxis","Unlimited","27.03.2025"
"huy.nguyen+0326","","huy.nguyen+0326@silentium.io","true","true","true","0","0","0","0","4","Praxis","Unlimited","26.03.2025"
"huy.nguyen+2603","","huy.nguyen+2603@silentium.io","true","true","true","0","0","0","0","4","Praxis","Unlimited","26.03.2025"
"nhien+2603","","nhien+2603@silentium.io","true","true","true","0","0","0","0","4","Praxis","Unlimited","26.03.2025"
"phong+521742967321975","","phong+521742967321975@silentium.io","true","true","true","0","0","0","0","4","MVZ","Unlimited","26.03.2025"
"phong+521742966507925","","phong+521742966507925@silentium.io","true","true","true","0","0","0","0","4","MVZ","Unlimited","26.03.2025"
"vy.pham+2603","","vy.pham+2603@silentium.io","true","false","true","0","0","0","0","4","Praxis","Unlimited","26.03.2025"
"MVZDitzingen","","test@pro.de","true","false","true","0","0","0","0","4","Praxis","Unlimited","25.03.2025"
"MVZ Ditzingen","","am@testpraxis.de","true","true","true","0","0","0","0","4","MVZ","Unlimited","25.03.2025"
"Demo Praxis Spifa","","demo@garrio.de","true","true","true","0","0","0","0","4","Praxis","Unlimited","25.03.2025"
"huy.nguyen+2503","","huy.nguyen+2503@silentium.io","true","true","true","0","0","0","0","4","Praxis","Unlimited","25.03.2025"
"Tri Staging Praxis","521111120","tri+fav@silentium.io","true","true","true","0","0","0","0","4","MVZ","Unlimited","25.03.2025"
"TriStagingPraxis","521111110","tri@silentium.io","true","true","true","0","0","0","0","4","Praxis","Unlimited","25.03.2025"
"25030001","","an.vo+123@10silentium.io","true","true","true","0","0","0","0","4","Praxis","Unlimited","25.03.2025"
"FaV-PNG","","phong+1138@silentium.io","true","true","true","0","0","0","0","4","MVZ","Unlimited","25.03.2025"
"phong+bfb1742873659354","","phong+bfb1742873659354@silentium.io","true","true","true","0","0","0","0","4","MVZ","Unlimited","25.03.2025"
"AnFAV","","an.vo+123@1silentium.io","true","true","true","0","0","0","0","4","Praxis","Unlimited","25.03.2025"
"Sandra Schulung 1803","","sandra.schulung.1803@medi-verbund.de","true","false","true","0","0","0","0","4","Praxis","Unlimited","18.03.2025"
"Praxis für Allgemeinmedizin, Facharztpraxis","","shared@tam.de","true","false","true","0","0","0","0","4","Praxis","Unlimited","17.03.2025"
"Ambulante Pneumologie Demonstration","","pneumologie@demo.de","true","false","true","0","0","0","0","4","Praxis","Unlimited","12.03.2025"
"Ambulante Pneumologie Demo","612209100","admin-pneumologie@garrio.de","true","false","true","0","0","0","0","4","Praxis","Unlimited","12.03.2025"
"vy.pham+1103","","vy.pham+1103@silentium.io","true","false","true","1","1","2","1","4","Praxis","Unlimited","11.03.2025"
"danh+1003","123182733","danh+1003@silentium.io","true","true","true","0","0","0","0","4","Praxis","Unlimited","10.03.2025"
"Praxis für Allgemeinmedizin und Psychotherapie","","tam@demo.de","true","false","true","0","0","0","0","4","MVZ","Unlimited","06.03.2025"
"Sandra Demo 0503","","sandrademo0503@medi-verbund.de","true","false","true","0","0","0","0","4","Praxis","Unlimited","06.03.2025"
"Passwort ändern Test","","christian.bister+passwort-aendern-test@medi-verbund.de","true","false","true","1","0","0","0","4","Andere","Unlimited","05.03.2025"
"vy.pham+05031","","vy.pham+05031@silentium.io","true","false","true","1","1","1","1","4","Praxis","Unlimited","05.03.2025"
"vy.pham+0503","","vy.pham+0503@silentium.io","true","false","true","1","1","0","0","4","MVZ","Unlimited","05.03.2025"
"phong+eau1741084694811","","phong+eau1741084694811@silentium.io","true","true","true","0","0","0","0","4","MVZ","Unlimited","04.03.2025"
"huy.nguyen+0303","","huy.nguyen+0303@silentium.io","true","true","true","0","0","0","0","4","Praxis","Unlimited","03.03.2025"
"vy.pham+0303","","vy.pham+0303@silentium.io","true","false","true","2","1","5","9","6","MVZ","Unlimited","03.03.2025"
"phong+521740710842503","","phong+521740710842503@silentium.io","true","true","true","0","0","0","0","4","MVZ","Unlimited","28.02.2025"
"huy.nguyen+0111","","huy.nguyen+0111@silentium.io","true","true","true","0","0","0","0","4","Praxis","Unlimited","27.02.2025"
"Security Key Check","","christian.bister+security-key-check@medi-verbund.de","true","false","true","0","0","0","0","4","Praxis","Unlimited","27.02.2025"
"huy.nguyen+0227","","huy.nguyen+0227@silentium.io","true","true","true","0","0","0","0","4","Praxis","Unlimited","27.02.2025"
"nhien+medication1740640381851","","nhien+medication1740640381851@silentium.io","true","true","true","0","0","0","0","4","MVZ","Unlimited","27.02.2025"
"nhien.pham+27012","","nhien.pham+27012@silentium.io","true","true","true","0","0","0","0","4","Praxis","Unlimited","27.02.2025"
"nhien+2702","","nhien+2702@silentium.io","true","true","true","0","0","0","0","4","MVZ","Unlimited","27.02.2025"
"phong+521740638555455","","phong+521740638555455@silentium.io","true","true","true","0","0","0","0","4","MVZ","Unlimited","27.02.2025"
"phong+521740638046253","","phong+521740638046253@silentium.io","true","true","true","0","0","0","0","4","MVZ","Unlimited","27.02.2025"
"nhien+medication1740637857585","","nhien+medication1740637857585@silentium.io","true","true","true","0","0","0","0","4","MVZ","Unlimited","27.02.2025"
"Dr. Winker xBDT Testpraxis","","xbdt@medi-verbund.de","true","false","true","0","0","0","0","4","Praxis","Unlimited","24.02.2025"
"Sandra Demopraxis","","test@test.de","true","false","true","0","0","0","0","4","Praxis","Unlimited","24.02.2025"
"Sandra","","sandra.schiffer@medi-verbund.de","true","false","true","0","0","0","0","4","Praxis","Unlimited","20.02.2025"
"new practice","","vy.pham+newpractice@silentium.io","true","true","true","1","0","4","12","5","Kinder-und Jugendpsychotherapiepraxis","Unlimited","17.02.2025"
"Demopraxis2","","tam@mediverbund.de","true","false","true","0","0","0","0","4","Praxis","Unlimited","14.02.2025"
"Phong_test_14-02","","phong+1402@silentium.io","true","false","true","0","0","0","0","4","Praxis","Unlimited","14.02.2025"
"Demopraxis","","tam@mediverbund.de","true","false","true","0","0","0","0","4","Praxis","Unlimited","14.02.2025"
"Testpraxis_Dr_Winker","","Testpraxis_Dr_Winker@silentium.io","true","false","true","0","0","0","0","4","Praxis","Unlimited","14.02.2025"
"Test_migration_14_02","","Test_migration_14_02@silentium.io","true","false","true","0","0","0","0","4","Praxis","Unlimited","14.02.2025"
"Matrix202501290949","","christian.bister+matrix202501290949@medi-verbund.de","true","false","true","2","0","0","0","4","Andere","Unlimited","29.01.2025"
"Matrix202501290948","","christian.bister+matrix202501290948@medi-verbund.de","true","false","true","2","0","1","0","4","Andere","Unlimited","29.01.2025"
"tam12345678","","tam@medi.de","true","false","true","0","0","0","0","4","Praxis","Unlimited","20.01.2025"
"phong+1737347065622","","phong+1737347065622@silentium.io","true","true","true","0","0","0","0","4","Praxis","Unlimited","20.01.2025"
"hiep+staging+20012025","","hiep.phan+staging+20jan@silentium.io","true","false","true","0","0","0","0","4","Praxis","Unlimited","20.01.2025"
"nhien.pham+1737088456287","","nhien.pham+1737088456287@silentium.io","true","true","true","0","0","0","0","4","Praxis","Unlimited","17.01.2025"
"phong+1737017079393","","phong+1737017079393@silentium.io","true","false","true","0","0","0","0","4","Praxis","Unlimited","16.01.2025"
"phong+1737016765223","","phong+1737016765223@silentium.io","true","false","true","0","0","0","0","4","Praxis","Unlimited","16.01.2025"
"nhien.pham+1737012597022","","nhien.pham+1737012597022@silentium.io","true","false","true","0","0","0","0","4","Praxis","Unlimited","16.01.2025"
"vy.pham+1601","","vy.pham+1601@silentium.io","true","false","true","2","1","4","4","5","Praxis","Unlimited","16.01.2025"
"nhien.pham+1736995840062","","nhien.pham+1736995840062@silentium.io","true","false","true","0","0","0","0","4","Praxis","Unlimited","16.01.2025"
"TAM_UAT_HZV_BW","522222200","tamara@medi-verbund.de","true","false","true","0","0","0","0","4","Praxis","Unlimited","15.01.2025"
"TAM_UAT","","tamara.weber@medi-verbund.de","true","false","true","0","0","0","0","4","Praxis","Deactivated","15.01.2025"
"nhien.pham+1736911189340","","nhien.pham+1736911189340@silentium.io","true","false","true","0","0","0","0","4","Praxis","Unlimited","15.01.2025"
"vy.pham+1736910277444","","vy.pham+1736910277444@silentium.io","true","false","true","0","0","0","0","4","Praxis","Unlimited","15.01.2025"
"Praxis Dr. med. Heribert Topp-Glücklich","","phong+1736851135896@silentium.io","true","false","true","0","0","0","0","4","Praxis","Unlimited","14.01.2025"
"vy.pham+1735554072956","","vy.pham+1735554072956@silentium.io","true","false","true","0","0","0","0","4","Praxis","Unlimited","30.12.2024"
"vy.pham+1735274806543","","vy.pham+1735274806543@silentium.io","true","false","true","0","0","0","0","4","Praxis","Unlimited","27.12.2024"
"vy.pham+1735274547663","","vy.pham+1735274547663@silentium.io","true","false","true","0","0","0","0","4","Praxis","Unlimited","27.12.2024"
"vy.pham+1734950721007","","vy.pham+1734950721007@silentium.io","true","false","true","0","0","0","0","4","Praxis","Unlimited","23.12.2024"
"vy.pham+2312pro","","vy.pham+2312prostg@silentium.io","true","false","true","0","0","0","0","4","Praxis","Unlimited","23.12.2024"
"hiep stating 23Dec","","hiep.phan+staging+23dec@silentium.io","true","false","true","0","0","0","0","4","Praxis","Unlimited","23.12.2024"
"vy.pham+2012stg","","vy.pham+2012stg@silentium.io","true","false","true","2","2","6","10","5","Krankenversicherung","Unlimited","20.12.2024"
"nhien.pham+1734595693535","","nhien.pham+1734595693535@silentium.io","true","false","true","0","0","0","0","4","Praxis","Unlimited","19.12.2024"
"Test Neue Praxis","","valentina.lavorato+test-heue-praxis@medi-verbund.de","true","false","true","0","0","0","0","4","Praxis","Unlimited","16.12.2024"
"vy.pham+1733811960363","","vy.pham+1733811960363@silentium.io","true","false","true","0","0","0","0","4","Praxis","Unlimited","10.12.2024"
"vy.pham+1012","","vy.pham+1012@silentium.io","true","false","true","3","2","4","3","4","Krankenversicherung","Unlimited","10.12.2024"
"vy.pham+0912","","vy.pham+0912@silentium.io","true","false","true","0","0","0","0","4","Praxis","Unlimited","09.12.2024"
"huy.pham+staging-v1@silentium.io","","huy.pham+staging-v1@silentium.io","true","false","true","0","0","0","0","4","Praxis","Unlimited","09.12.2024"
"vy.pham+06121","","vy.pham+06121@silentium.io","true","false","true","1","1","3","5","4","Praxis","Unlimited","06.12.2024"
"vy.pham+0612","","vy.pham+0612@silentium.io","true","false","true","1","1","1","0","4","Praxis","Unlimited","06.12.2024"
"DemoLeistungserbringer","","br.f@df.de","true","false","true","0","0","0","0","4","Praxis","Unlimited","05.12.2024"
"Hiep staging 5dec","","hiep.phan+staging+5dec@silentium.io","true","false","true","2","0","0","0","4","Praxis","Unlimited","05.12.2024"
"Hiep 5Dec","","hiep.phan+5dec@silentium.io","true","false","true","2","0","0","0","4","Praxis","Unlimited","05.12.2024"
"nhien.pham+1733208418240","","nhien.pham+1733208418240@silentium.io","true","false","true","0","0","0","0","4","Praxis","Unlimited","03.12.2024"
"nhien.pham+1733113809154","","nhien.pham+1733113809154@silentium.io","true","false","true","0","0","0","0","4","Praxis","Unlimited","02.12.2024"
"nhien.pham+1732863463517","","nhien.pham+1732863463517@silentium.io","true","false","true","0","0","0","0","4","Praxis","Unlimited","29.11.2024"
"nhien.pham+1732863124115","","nhien.pham+1732863124115@silentium.io","true","false","true","0","0","0","0","4","Praxis","Unlimited","29.11.2024"
"nhien.pham+1732590565899","","nhien.pham+1732590565899@silentium.io","true","false","true","0","0","0","0","4","Praxis","Unlimited","26.11.2024"
"vy.pham+25111stag","","vy.pham+25111stag@silentium.io","true","false","true","2","2","1","3","4","Praxis","Unlimited","25.11.2024"
"vy.pham+2511stag","","vy.pham+2511stag@sillentium.io","true","false","true","0","0","0","0","4","Praxis","Unlimited","25.11.2024"
"Botnang Praxis","","admin@garrio.de","true","false","true","0","0","0","0","4","Praxis","Unlimited","22.11.2024"
"Bao Care","","bao.care@gmail.com","true","false","true","1","0","5","3","4","Praxis","Unlimited","11.11.2024"
"nhien.pham+1730774757033","","nhien.pham+1730774757033@silentium.io","true","false","true","0","0","0","0","4","Praxis","Unlimited","05.11.2024"
"Allgemeinarzt 04113","","vy.pham+04113@silentium.io","true","false","true","0","0","0","0","4","Praxis","Unlimited","04.11.2024"
"Allgemeinarzt 04112","","vy.pham+04112@silentium.io","true","false","true","0","0","0","0","4","Praxis","Unlimited","04.11.2024"
"nhien.pham+1730705644194","","nhien.pham+1730705644194@silentium.io","true","false","true","0","0","0","0","4","Praxis","Unlimited","04.11.2024"
"Allgemeinarzt 0411","","vy.pham+0411@silentium.io","true","false","true","0","0","0","0","4","Praxis","Unlimited","04.11.2024"
"vy.pham+1730702747282","","vy.pham+1730702747282@silentium.io","true","false","true","0","0","0","0","4","Praxis","Unlimited","04.11.2024"
"vy.pham+1730702697311","","vy.pham+1730702697311@silentium.io","true","false","true","0","0","0","0","4","Praxis","Unlimited","04.11.2024"
"nhien.pham+1730686973932","","nhien.pham+1730686973932@silentium.io","true","false","true","0","0","0","0","4","Praxis","Unlimited","04.11.2024"
"nhien.pham+1730455681114","","nhien.pham+1730455681114@silentium.io","true","false","true","0","0","0","0","4","Praxis","Unlimited","01.11.2024"
"Allgemeinarzt 3110","","vy.pham+3110@silentium.io","true","false","true","0","0","0","0","4","Praxis","Unlimited","31.10.2024"
"Allgemeinarzt brave","","vy.pham+brave@silentium.io","true","false","true","0","0","0","0","4","Praxis","Unlimited","31.10.2024"
"nhien.pham+1730276938129","","nhien.pham+1730276938129@silentium.io","true","false","true","0","0","0","0","4","Praxis","Unlimited","30.10.2024"
"nhien.pham+1730262697454","","nhien.pham+1730262697454@silentium.io","true","false","true","0","0","0","0","4","Praxis","Unlimited","30.10.2024"
"nhien.pham+1730189840069","","nhien.pham+1730189840069@silentium.io","true","false","true","0","0","0","0","4","Praxis","Unlimited","29.10.2024"
"nhien.pham+1730169035038","","nhien.pham+1730169035038@silentium.io","true","false","true","0","0","0","0","4","Praxis","Unlimited","29.10.2024"
"Allgemeinarzt 8","","vy.pham+2802@silentium.io","true","false","true","0","0","0","0","4","Praxis","Unlimited","28.10.2024"
"nhien.pham+1730084096892","","nhien.pham+1730084096892@silentium.io","true","false","true","0","0","0","0","4","Praxis","Unlimited","28.10.2024"
"vy.pham+1729851388200","","vy.pham+1729851388200@silentium.io","true","false","true","0","0","0","0","4","Praxis","Unlimited","25.10.2024"
"Allgemeinarzt 7","","vy.pham+2510@silentium.io","true","false","true","0","0","0","0","4","Praxis","Unlimited","25.10.2024"
"vy.pham+1729823551124","","vy.pham+1729823551124@silentium.io","true","false","true","0","0","0","0","4","Praxis","Unlimited","25.10.2024"
"Allgemeinarzt 6","","vy.pham+24016@silentium.io","true","false","true","0","0","0","0","4","Praxis","Unlimited","24.10.2024"
"Allgemeinarzt 5","","vy.pham+24102@silentium.io","true","false","true","0","0","0","0","4","Praxis","Unlimited","24.10.2024"
"Allgemeinarzt 4","","vy.pham+24101@silentium.io","true","false","true","0","0","0","0","4","Praxis","Unlimited","24.10.2024"
"Allgemeinarzt 3","","vy.pham+2410@silentium.io","true","false","true","0","0","0","0","4","Praxis","Unlimited","24.10.2024"
"phong+1729591294435","","phong+1729591294435@silentium.io","true","false","true","0","0","0","0","4","Praxis","Unlimited","22.10.2024"
"Psychotherapeutische Praxis Christina Diessner","616950000","info@diessner-psychotherapie.de","true","false","true","0","0","0","0","4","Psychotherapiepraxis","Deactivated","22.10.2024"
"Praxis TW","","tamara.weber+praxis-tw@medi-verbund.de","true","false","true","2","2","7","13","6","Andere","Unlimited","21.10.2024"
"Allgemeinarzt 2","","vy.pham+4@silentium.io","true","false","true","0","0","0","0","4","Praxis","Unlimited","18.10.2024"
"Allgemeinarzt","190000002","vy.pham+2@silentium.io","true","false","true","0","0","0","0","4","Praxis","Unlimited","17.10.2024"
"Brwa Rasul","","brwa.rasul@medi-verbund.de","true","false","true","0","0","0","0","4","Praxis","Unlimited","14.10.2024"
"Praxis Botnang","581904000","b@r.de","true","false","true","0","0","0","0","4","Praxis","Unlimited","11.10.2024"
"kv_1728458450367","","kv_1728458450367@silentium.io","true","false","true","0","0","0","0","4","Praxis","Unlimited","09.10.2024"
"kv-hiep-pro-cal-02","","hiep.phan+kv02@silentium.io","true","false","true","0","0","0","0","4","Praxis","Unlimited","09.10.2024"
"kv-hiep-pro-cal-01","","hiep.phan+kv01@silentium.io","true","false","true","0","0","0","0","4","Praxis","Unlimited","09.10.2024"
"kv_1728397483379","","kv_1728397483379@silentium.io","true","false","true","0","0","0","0","4","Praxis","Unlimited","08.10.2024"
"kv_1728374180708","","kv_1728374180708@silentium.io","true","false","true","0","0","0","0","4","Praxis","Unlimited","08.10.2024"
"kv_1728373526499","","kv_1728373526499@silentium.io","true","false","true","0","0","0","0","4","Praxis","Unlimited","08.10.2024"
"kv_1728297181085","","kv_1728297181085@silentium.io","true","false","true","0","0","0","0","4","Praxis","Unlimited","07.10.2024"
"kv_1728296669071","","kv_1728296669071@silentium.io","true","false","true","0","0","0","0","4","Praxis","Unlimited","07.10.2024"
"kv_1728295171553","","kv_1728295171553@silentium.io","true","false","true","0","0","0","0","4","Praxis","Unlimited","07.10.2024"
"blue - garrio PRO + COM + CAL","","blue+staging@silentium.io","true","true","true","0","0","0","0","4","Zahnarztpraxis","Unlimited","04.10.2024"
"huy.pham+staging@silentium.io","","huy.pham+staging@silentium.io","true","false","true","4","0","2","9","4","Facharztpraxis","Unlimited","03.10.2024"
"Blood test Praxis","","blue+test@silentium.io","true","false","true","0","0","0","0","4","Praxis","Unlimited","20.09.2024"
"dev-zitadel-v2600","","dev-zitadel-v2600@yopmail.com","true","false","true","0","0","0","0","4","Praxis","Unlimited","06.09.2024"
"Thanh - New Zitadel testing CP","","test@test-zitadel.blue","false","true","false","3","1","1","2","5","Andere","Unlimited","05.09.2024"
"TechCare03","","techcare03@gmail.com","true","false","true","1","0","2","5","5","Praxis","Unlimited","12.08.2024"
"TechCare02","","techcare02@gmail.com","true","false","true","2","0","0","0","4","Praxis","Unlimited","07.08.2024"
"TechCare01","","techcare01@gmail.com","true","false","true","1","0","0","0","4","Praxis","Unlimited","07.08.2024"
"Care provider C","","luhotrung3@gmail.com","true","false","true","1","0","1","3","4","Praxis","Unlimited","06.08.2024"
"rbk.demo","","rbk.demo@yopmail.com","true","false","true","0","0","0","0","4","Praxis","Unlimited","06.08.2024"
"RKH Ludwigsburg","","tilgto01@rkh-gesundheit.de","true","false","true","2","0","1","1","4","Andere","Unlimited","24.07.2024"
"P-ComCal Integration","871132342","gcomcal@test.com.sd","true","false","true","2","0","0","0","4","Praxis","Unlimited","18.07.2024"
"test data field","","test-data@yopmail.com","true","false","true","0","0","0","0","4","Praxis","Unlimited","16.07.2024"
"blue care 20240711","","blue@test.garrio.de","false","true","true","0","0","0","0","4","Praxis","Deactivated","11.07.2024"
"Testing new UI","","test-new-ui@yopmail.com","true","true","true","1","0","0","0","4","Praxis","Unlimited","10.07.2024"
"Praxis Brwa","999999989","brwa.rasul+praxis-brwa@medi-verbund.de","true","false","false","1","0","0","0","4","Praxis","Deactivated","03.07.2024"
"test 202407011325","999999990","christian.bister+test-202407011325@medi-verbund.de","true","true","true","0","0","0","0","4","Praxis","Unlimited","01.07.2024"
"garrioCOM","999999994","christian.bister+staging-garriocom@medi-verbund.de","true","false","true","3","2","1","7","5","Andere","Unlimited","27.06.2024"
"garrioCOM Video 1","999999995","christian.bister+garriocom-video-1@medi-verbund.de","true","false","true","0","0","0","0","4","Andere","Deactivated","12.06.2024"
"garrioCOM Gesundheitspartner","999999997","christian.bister+garriocom-gesundheitspartner@medi-verbund.de","true","false","true","0","0","0","0","4","Andere","Unlimited","12.06.2024"
"new testing account","","testing_account@test.garrio","true","true","true","0","0","0","0","4","Praxis","Deactivated","16.04.2024"
"mrtrue0202","","mrtrue0202@gmail.com","true","true","true","6","2","3","7","4","Praxis","Unlimited","26.03.2024"
"Matrix Check Praxis #3","","christian.bister+matrix-check-praxis-3@medi-verbund.de","true","true","true","1","1","1","2","4","Praxis","Unlimited","20.03.2024"
"Matrix Check Praxis #2","009999900","christian.bister+matrix-check-praxis-2@medi-verbund.de","true","false","true","1","1","1","2","5","Praxis","Unlimited","20.03.2024"
"Gemeinschatspraxis Dr./Univ. Pisa Susanna Colopi-Glage, Dr. Stintz und Wambsganß","528003600","colopi.glage@t-online.de","false","false","false","0","0","0","0","4","Praxis","Unlimited","18.03.2024"
"Name of customer","","christian.bister+email-of-customer@medi-verbund.de","true","true","true","0","0","0","0","4","Andere","Unlimited","07.03.2024"
"Matrix Check Praxis","","christian.bister+matrix-check-praxis@medi-verbund.de","true","false","true","2","2","2","8","4","Andere","Unlimited","28.02.2024"
"Staging DOKUMENTATION #7","","tamara.weber+staging-dokumentation-7@medi-verbund.de","true","false","true","1","1","1","3","5","Andere","Unlimited","27.02.2024"
"Staging DOKUMENTATION #6","","valentina.lavorato+staging-dokumentation-6@medi-verbund.de","false","false","false","1","1","0","0","4","Praxis","Unlimited","26.02.2024"
"garrio DEVOPS STAGING","","christian.bister+garrio-devops-staging@medi-verbund.de","true","false","true","25","12","12","434","16","Andere","Unlimited","23.02.2024"
"DEMO Schulungspraxis","","valentina.lavorato+staging-valentina-demo@medi-verbund.de","true","false","true","9","5","2","2","4","Praxis","Unlimited","30.01.2024"
"Cuong testing","","cuong@garrio.demo","true","true","true","0","0","0","0","4","Praxis","Unlimited","29.01.2024"
"Team garrio DEMO","","christian.bister+staging-team-garrio-demo@medi-verbund.de","true","false","true","3","3","7","14","6","Praxis","Unlimited","25.01.2024"
"Bao Super Care","","baosupercare@gmail.com","true","true","true","3","1","9","15","4","Praxis","Unlimited","25.01.2024"
"garrioCOM DEV-Team- aaaa","244466666","jan23@mail.com","true","true","true","9","7","36","80","10","Praxis","Unlimited","23.01.2024"
"Staging DOKUMENTATION #4","","christian.bister+staging-dokumentation-4@medi-verbund.de","false","true","false","0","0","0","0","4","Andere","Unlimited","17.01.2024"
"Blizt test 9/10/2024","123123213","blizttest9/10/2024628737@garrio.demo","true","false","true","1","1","0","0","4","Praxis","Unlimited","09.01.2024"
"Praxis #1","","praxis#1541665@garrio.demo","false","false","true","2","2","5","5","5","Praxis","Unlimited","08.01.2024"
"abilex","","abilex647356@garrio.demo","true","false","true","4","4","0","71","4","Andere","Unlimited","20.12.2023"
"Staging DOKUMENTATION #3","","stagingdokumentation#3644586@garrio.demo","true","false","true","1","1","0","0","4","Praxis","Unlimited","19.12.2023"
"Staging DOKUMENTATION #2","","stagingdokumentation#2275050@garrio.demo","true","false","true","0","0","0","0","4","Praxis","Unlimited","19.12.2023"
"Staging DOKUMENTATION #1","","stagingdokumentation#1876305@garrio.demo","false","false","true","0","0","0","0","4","Praxis","Unlimited","19.12.2023"
"Watermelon","","watermelon244129@garrio.demo","true","true","true","1","1","0","0","4","Praxis","Unlimited","19.12.2023"
"Staging DEMO #2","","stagingdemo#2699498@garrio.demo","true","false","true","0","0","0","0","4","Praxis","Unlimited","19.12.2023"
"Staging DEMO #1","","stagingdemo#1524397@garrio.demo","true","false","true","2","2","5","9","5","Praxis","Unlimited","12.12.2023"
"Minh-20231211","","minh-20231211506170@garrio.demo","true","true","true","1","1","1","1","4","Praxis","Unlimited","11.12.2023"
"PasswordTest","","passwordtest543310@garrio.demo","false","true","true","0","0","0","0","4","Andere","Unlimited","29.11.2023"
"Minh-20231124-01","","minh-20231124-01364562@garrio.demo","true","true","true","3","3","0","3","4","Praxis","Unlimited","24.11.2023"
"Nhat - 24-11-2023","","nhat-24-11-2023424077@garrio.demo","true","true","true","1","1","2","2","4","Praxis","Unlimited","24.11.2023"
"Lu La Care","","lulacare153126@garrio.demo","true","true","true","1","1","1","1","4","Praxis","Unlimited","24.11.2023"
"Ly La Care","","lylacare560770@garrio.demo","true","true","true","2","2","4","1","4","Praxis","Unlimited","24.11.2023"
"Lucy Care","","lucycare768793@garrio.demo","true","false","true","1","1","4","2","4","Praxis","Unlimited","23.11.2023"
"ZentrustB","","zentrustb871335@garrio.demo","true","false","true","4","4","4","3","13","Andere","Unlimited","23.11.2023"
"ZentrustA","","zentrusta526664@garrio.demo","true","false","true","6","6","8","6","4","Andere","Unlimited","23.11.2023"
"Minh-20231123-04","","minh-20231123-04472379@garrio.demo","true","true","true","3","3","0","2","4","Praxis","Unlimited","23.11.2023"
"Minh-20231123-03","","minh-20231123-03830859@garrio.demo","true","true","true","1","1","0","0","4","Praxis","Unlimited","23.11.2023"
"Minh-20231123-02","","minh-20231123-02546038@garrio.demo","true","true","true","3","3","0","0","4","Praxis","Unlimited","23.11.2023"
"Minh-20231123-01","","minh-20231123-01606299@garrio.demo","true","true","true","3","3","0","6","4","Praxis","Unlimited","23.11.2023"
"Dev test API 2","","devtestapi2170776@garrio.demo","true","true","true","5","5","8","7","6","Praxis","Unlimited","22.11.2023"
"HuuCare01@gmail.com","","huucare01851369@garrio.demo","true","true","true","4","4","5","4","4","Praxis","Unlimited","22.11.2023"
"One Pie Care","","onepiecare290206@garrio.demo","true","true","false","1","1","7","10","5","Praxis","Unlimited","22.11.2023"
"Sifer Care","","sifercare861389@garrio.demo","true","false","true","3","3","2","1","4","Praxis","Unlimited","22.11.2023"
"Stadtpraxis Gutekunst","","stadtpraxisgutekunst729485@garrio.demo","true","false","true","3","2","9","82","10","Praxis","Unlimited","17.11.2023"
"Neurosurgery Hospital","190099090","neurosurgeryhospital324342@garrio.demo","true","false","true","0","0","0","0","3","Praxis","Unlimited","15.11.2023"
"will1001@gmail.com","","will1001492232@garrio.demo","true","true","false","3","3","1","1","3","Praxis","Unlimited","09.11.2023"
"Demo pass pharse","","demopasspharse407729@garrio.demo","true","true","true","1","1","0","1","3","Praxis","Unlimited","08.11.2023"
"Wasen-Clinic","","wasen-clinic602250@garrio.demo","true","false","true","0","0","0","0","3","Praxis","Unlimited","05.10.2023"
"Trung 2","123456781","trung2745105@garrio.demo","true","true","false","1","1","0","0","3","Praxis","Unlimited","05.10.2023"
"Bao Care - Zitadel","","baocare-zitadel761470@garrio.demo","true","true","false","1","1","0","0","3","Facharztpraxis","Unlimited","05.10.2023"
"Staging DOKUMENTATION #1","","stagingdokumentation#1411069@garrio.demo","true","false","true","5","5","5","13","4","Praxis","Unlimited","04.10.2023"
"Gia Care - Zitadel","","giacare-zitadel520810@garrio.demo","true","false","true","4","4","17","10","4","Andere","Unlimited","02.10.2023"
"BisterCare Zitadel","","bistercarezitadel832291@garrio.demo","true","false","true","7","7","8","15","5","Praxis","Unlimited","02.10.2023"
"Dev test API","123332322","devtestapi778743@garrio.demo","true","true","true","7","7","8","11","3","Praxis","Unlimited","02.10.2023"
"Minh-20231002-02","","minh-20231002-02818496@garrio.demo","true","true","true","1","1","0","0","3","Praxis","Unlimited","02.10.2023"
"blue and zitadel","675468972","blueandzitadel115974@garrio.demo","true","true","true","3","3","2","3","3","Praxis","Unlimited","02.10.2023"
"MEDI Clinics","","mediclinics288443@garrio.demo","true","false","true","1","1","0","0","3","Praxis","Unlimited","18.09.2023"
"blue test","","bluetest635160@garrio.demo","true","true","true","0","0","0","0","3","Praxis","Unlimited","15.09.2023"
"Kardiologie","","kardiologie109841@garrio.demo","true","false","true","5","5","8","19","4","Praxis","Unlimited","12.09.2023"
"abc","123454321","abc287583@garrio.demo","true","true","true","0","0","0","0","3","Praxis","Unlimited","23.08.2023"
"2223213123212222312321","232153213","2223213123212222312321866335@garrio.demo","true","true","true","0","0","0","0","3","Praxis","Unlimited","10.08.2023"
"111122","321321321","111122194032@garrio.demo","true","true","true","0","0","0","0","3","Praxis","Unlimited","25.07.2023"
"20230725 BisterCare","787777777","20230725bistercare629352@garrio.demo","true","false","true","0","0","0","0","3","Kinder-und Jugendpsychotherapiepraxis","Unlimited","25.07.2023"
"Care Provider B ","121212121","careproviderb428971@garrio.demo","true","false","true","1","1","0","1","3","Praxis","Unlimited","24.07.2023"
"Testing for magic link","872901721","testingformagiclink817546@garrio.demo","true","true","true","1","1","0","1","3","Praxis","Unlimited","09.06.2023"
"Christians Magic Link Test","774777777","christiansmagiclinktest691119@garrio.demo","true","false","true","1","1","0","0","3","Praxis","Unlimited","05.06.2023"
"Marcels Pen Testing","777775777","marcelspentesting271882@garrio.demo","true","false","true","1","1","0","1","3","Praxis","Unlimited","05.06.2023"
"NursingAdmin","111222333","nursingadmin213689@garrio.demo","true","false","true","0","0","0","0","3","Gesundheitspartner","Unlimited","02.06.2023"
"Minh Care 222","999999992","minhcare222406080@garrio.demo","true","true","true","5","5","14","27","3","Praxis","Unlimited","11.07.2025"
"BisterCare","999999999","bistercare772572@garrio.demo","true","false","true","3","3","20","84","10","Praxis","Unlimited","11.07.2025"
"UMP HCM","123111111","umphcm515973@garrio.demo","true","true","true","12","12","18","25","5","Praxis","Unlimited","11.07.2025"
"BisterCare #2","999999998","bistercare#2896014@garrio.demo","true","false","true","0","0","0","1","3","Praxis","Unlimited","11.07.2025"
"CB","888888889","cb116162@garrio.demo","true","false","true","0","0","0","0","3","Praxis","Unlimited","11.07.2025"
"DianaCare","888888887","dianacare756468@garrio.demo","true","false","true","2","2","1","1","3","Praxis","Unlimited","11.07.2025"
"CB2","888888886","cb2611575@garrio.demo","true","false","true","1","1","1","0","3","Praxis","Unlimited","11.07.2025"
"CB3","888888885","cb3899253@garrio.demo","true","false","true","1","1","2","2","3","Praxis","Unlimited","11.07.2025"
"Binh Dan Hospital - HCM","111112222","binhdanhospital-hcm138882@garrio.demo","true","true","true","1","1","3","2","3","Praxis","Unlimited","11.07.2025"
"Demo Care","123456789","democare716335@garrio.demo","true","false","true","5","5","80","353","6","Praxis","Unlimited","11.07.2025"
"Minh Care 2","222222222","minhcare2612112@garrio.demo","true","true","true","1","1","2","0","3","Praxis","Unlimited","11.07.2025"
"CB4","888888884","cb4185247@garrio.demo","true","false","true","1","1","2","4","3","Praxis","Unlimited","11.07.2025"
"Praxis Süd","888888877","praxissd705083@garrio.demo","true","false","true","10","10","3","38","5","Praxis","Unlimited","11.07.2025"
"Praxis Nord","777777777","praxisnord157561@garrio.demo","true","false","true","2","2","1","3","3","Praxis","Unlimited","11.07.2025"
"Praxis West","666666666","praxiswest739286@garrio.demo","true","false","true","0","0","0","0","3","Praxis","Unlimited","11.07.2025"
"Minh Care 3","333333333","minhcare3829224@garrio.demo","true","true","true","1","1","7","21","3","Kinder-und Jugendpsychotherapiepraxis","Unlimited","11.07.2025"
"Demo care","567876545","democare681895@garrio.demo","true","true","true","2","2","2","8","3","Praxis","Unlimited","11.07.2025"
"Trung Test","050119922","trungtest809135@garrio.demo","true","true","true","1","1","1","4","4","Praxis","Unlimited","11.07.2025"
"Hausärzte am Spritzenhaus","561901900","hausrzteamspritzenhaus737094@garrio.demo","true","true","true","1","1","1","3","3","Praxis","Unlimited","11.07.2025"
"Victoria Care","909090909","victoriacare699003@garrio.demo","true","false","true","1","1","1","1","3","Praxis","Unlimited","11.07.2025"
"Trung Care","210620222","trungcare565684@garrio.demo","true","true","true","2","2","8","23","5","Praxis","Unlimited","11.07.2025"
"Blue Care","787878787","bluecare283422@garrio.demo","true","true","true","0","0","0","0","3","Praxis","Unlimited","11.07.2025"
"Bister Care 3","199999999","bistercare3825269@garrio.demo","true","false","true","3","3","1","4","3","Praxis","Unlimited","11.07.2025"
"Praxis am Marktplatz","888888888","praxisammarktplatz645210@garrio.demo","true","false","true","3","3","18","131","12","Praxis","Unlimited","11.07.2025"
"Trung 29/06","234234324","trung29/06149771@garrio.demo","true","true","true","1","1","1","1","3","Praxis","Unlimited","11.07.2025"
"Trung 1111","213213213","trung1111256209@garrio.demo","true","true","true","0","0","1","0","3","Praxis","Unlimited","11.07.2025"
"Trung hahahahha","231241421","trunghahahahha618507@garrio.demo","true","true","true","0","0","1","0","3","Praxis","Unlimited","11.07.2025"
"Huu Le Care","123213232","huulecare309391@garrio.demo","true","true","true","4","4","3","5","3","Praxis","Unlimited","11.07.2025"
"Test Hang","521111100","testhang783269@garrio.demo","true","true","true","0","0","0","1","3","Praxis","Unlimited","11.07.2025"
"Hausärztliche Gemeinschaftspraxis Teningen","571950100","hausrztlichegemeinschaftspraxi@garrio.demo","true","false","true","1","1","1","1","3","Praxis","Unlimited","11.07.2025"
"Bister Chrome Care","555555555","bisterchromecare186158@garrio.demo","true","false","true","1","1","0","0","3","Praxis","Unlimited","11.07.2025"
"GarrioCom Care","123432123","garriocomcare149867@garrio.demo","true","true","true","5","5","19","44","3","Praxis","Unlimited","11.07.2025"
"Praxis Südsüd","123123123","praxissdsd826787@garrio.demo","true","false","true","10","10","16","161","14","Praxis","Unlimited","11.07.2025"
"Brwa","525252525","brwa254735@garrio.demo","true","false","true","1","1","0","5","3","Praxis","Unlimited","11.07.2025"
"CP 01","555555550","cp01644366@garrio.demo","true","false","true","5","5","4","14","3","Praxis","Unlimited","11.07.2025"
"CPVN","213123444","cpvn337385@garrio.demo","true","false","true","1","1","0","1","3","Praxis","Unlimited","11.07.2025"
"Galaxy Care","345623451","galaxycare408026@garrio.demo","true","true","true","2","2","42","63","4","Praxis","Unlimited","11.07.2025"
"Lu Ho Trung","234242343","luhotrung741914@garrio.demo","true","false","true","0","0","0","0","3","Praxis","Unlimited","11.07.2025"
"Care Provider A","998877665","careprovidera874418@garrio.demo","true","false","true","18","18","39","61","14","Praxis","Unlimited","11.07.2025"
"Bister Firefox","444444444","bisterfirefox663770@garrio.demo","true","false","true","1","1","1","3","3","Praxis","Unlimited","11.07.2025"
"Nhat Care","546345928","nhatcare765549@garrio.demo","true","false","true","1","1","1","4","3","Praxis","Unlimited","11.07.2025"
"Gia Care","123456799","giacare843637@garrio.demo","true","false","true","16","15","144","323","11","Praxis","Unlimited","11.07.2025"
"Quang Gia Gia - Care Provider in Firefox","123454322","quanggiagia-careproviderinfire@garrio.demo","true","false","true","7","7","59","127","7","Praxis","Unlimited","11.07.2025"
"TÜVIT","444444449","tvit109344@garrio.demo","true","false","true","1","1","2","1","3","Praxis","Unlimited","11.07.2025"
"Hoang Gia Gia Care","122324343","hoanggiagiacare671024@garrio.demo","true","false","true","11","11","31","71","6","Praxis","Unlimited","11.07.2025"
"Vietnam Royal Care","124453223","vietnamroyalcare431948@garrio.demo","true","false","true","2","2","5","13","4","Praxis","Unlimited","11.07.2025"
"Blue-20230317","202303170","blue-20230317772728@garrio.demo","true","false","true","1","1","1","3","3","Praxis","Unlimited","11.07.2025"
"Praxis Vulkan mit einem ganz langen Namen noch dazu","989999999","praxisvulkanmiteinemganzlangen@garrio.demo","false","false","true","1","1","1","2","3","Praxis","Unlimited","11.07.2025"
"MEDICLINIC","202303270","mediclinic735149@garrio.demo","true","false","true","5","5","14","32","8","Praxis","Unlimited","11.07.2025"
"Demo GKV mit sehr langem Namen und noch mehr Wörtern im Namen","979999999","demogkvmitsehrlangemnamenundno@garrio.demo","true","false","true","2","2","0","4","3","Krankenversicherung","Unlimited","11.07.2025"
"Demo Praxis","969999999","demopraxis712583@garrio.demo","true","false","true","3","3","3","34","4","Praxis","Unlimited","11.07.2025"
"heh","123456788","heh180355@garrio.demo","true","false","true","0","0","0","0","3","Praxis","Unlimited","11.07.2025"
"ZzXX","123213123","zzxx360241@garrio.demo","true","false","true","0","0","0","0","3","Praxis","Unlimited","11.07.2025"
"asdasdas","212421143","asdasdas282768@garrio.demo","true","false","true","0","0","0","0","3","Praxis","Unlimited","11.07.2025"
"AOK BW","999999996","aokbw588595@garrio.demo","true","false","true","0","0","0","0","3","Krankenversicherung","Unlimited","11.07.2025"
"garrio DEMO Gesundheitspartner","1","garriodemogesundheitspartner72@garrio.demo","true","true","true","10","10","329","37","7","Praxis","Unlimited","11.07.2025"
"Testing AdminID","898888888","testingadminid683628@garrio.demo","false","true","true","1","1","0","0","4","Praxis","Unlimited","11.07.2025"